<?xml version="1.0" encoding="UTF-8"?>
<project-private xmlns="http://www.netbeans.org/ns/project-private/1">
    <editor-bookmarks xmlns="http://www.netbeans.org/ns/editor-bookmarks/2" lastBookmarkId="0"/>
    <open-files xmlns="http://www.netbeans.org/ns/projectui-open-files/2">
        <group>
            <file>file:/C:/Users/pedro/OneDrive/Documentos/NetBeansProjects/SpaceInvaders/src/Elementos/Tiro.java</file>
            <file>file:/C:/Users/pedro/OneDrive/Documentos/NetBeansProjects/SpaceInvaders/src/InterfaceGrafica/ControlaTela.java</file>
            <file>file:/C:/Users/pedro/OneDrive/Documentos/NetBeansProjects/SpaceInvaders/src/Elementos/Canhao.java</file>
            <file>file:/C:/Users/pedro/OneDrive/Documentos/NetBeansProjects/SpaceInvaders/src/InterfaceGrafica/Tela.java</file>
            <file>file:/C:/Users/pedro/OneDrive/Documentos/NetBeansProjects/SpaceInvaders/src/Engine/Engine.java</file>
            <file>file:/C:/Users/pedro/OneDrive/Documentos/NetBeansProjects/SpaceInvaders/src/Elementos/Elemento.java</file>
            <file>file:/C:/Users/pedro/OneDrive/Documentos/NetBeansProjects/SpaceInvaders/src/SpaceInvaders/SpaceInvadersMain.java</file>
        </group>
    </open-files>
</project-private>
